id,drupal_id,name,position,email,company_id,migration_status
00dcd849-2d4d-472e-8287-31cd6620f319,1096,"",,"",1bd0397f-4d6f-4c52-b1b3-9b2f2cb0bc66,success
11b63b4b-1c05-4fb8-b9b9-c7ee90cd2ffc,1717,"",,"",fcf8d7f3-3dc9-446a-94d1-11efe62d2dbe,success
e8bdd05c-69e7-47ab-8dc1-44647953d6f8,974,"",,"",3c3ee299-0caa-4922-bce2-78869a8b6335,success
4ebebd45-3e49-4f29-85e1-573ebe7f590b,8,"",,"",ecead7d4-04e4-49f0-821e-90f874423556,success
c3ce008d-211a-437d-af9e-d50178195f22,480,"",,"",d47519d1-692b-44d8-924c-ff0973974948,success
01cc1693-b14f-4539-ad5f-fb07a3b0fd1b,197,"",,"",58ca5ede-3bce-42e9-996e-bbd5efaba454,success
2603b271-68b6-437c-b693-a83134f172af,723,"",,"",acda5c8b-20a3-482f-bee9-09972e83fe83,success
e03c2cb1-ce3c-48f5-88d9-ae4cefbdba88,863,"",,"",d6dbf22b-909c-4cc1-aae9-1219b805a93d,success
fc4fcfbf-554d-4097-af7d-f2d0b8b0921c,1304,"",,"",b7f8afd4-c80b-4713-91ca-75390919e897,success
1abb0c11-4196-4623-98a0-a1033fbfd683,274,"",,"",8f81de2a-2030-4e53-ab5e-19f7fd553c4b,success
5d128dda-8e99-4030-80c2-974c83de5d58,1319,"",,"",ed3a6dd2-6c6e-494f-ad95-93a412e9f4a9,success
461e5bd0-49e5-4604-b75c-60fe189dc66c,566,"",,"",a9f49e2a-8e2e-4035-a2dd-850dc161f4ba,success
2a46741b-6aef-431d-9e77-aa16b04fe05e,564,"",,"",f5b2a5d5-b8da-40cf-bab0-0a86d8bfc5a8,success
b3afa25a-0b09-474b-9e45-68776b64da02,835,"",,"",ea6cb652-6434-418a-a639-a04b0d5d59b5,success
fe827012-53f0-4521-9419-ada7cad2facb,1110,"",,"",833ca2f7-1f6f-4f06-9a9b-c7dca5ae0927,success
acf7ec23-39eb-47e6-8d34-ceb8fc83fdfd,1269,"",,"",552b196a-3966-4315-a7fe-312d17ffccea,success
271f9dbe-3ced-4824-a6fe-9a7a5852a63c,21,"",,"",c236ba78-e70c-4d78-b2c4-a3b55d2b3db1,success
77f4a708-e746-4e5b-8415-bfde02d515e0,1788,"",,"",4141089e-4e43-4b22-9468-3485c035ab51,success
d92bb59b-3110-4fd4-ba2f-2b4abeb40d18,289,"",,"",6896b8f9-9222-466c-b566-7de2a7155fb8,success
008f27b0-b281-4c35-abd8-cfce7561f1e0,1074,"",,"",a6743f23-30ff-4d80-a0f7-e56c8ab56321,success
9c1e195c-e850-41fb-9c54-de21452da8a7,1205,"",,"",e5079f60-2f19-43a2-b33a-0a7977491690,success
80075ea9-82fb-4dc6-bfa2-6a2aad253959,1626,"",,"",3b972f77-94e7-4ee9-b23b-e4f5eaeeffe7,success
8a8af63b-71f1-4fba-b307-448f8ee1e4f6,1303,"",,"",3f1c4946-505e-46b4-8c7d-fec82732bbcc,success
9a9d551f-9f4c-4807-a917-3af0a75688b7,181,"",,"",2a0365e6-32c1-438b-a8e1-62faace211a7,success
649a431e-a954-47e6-b22f-6e8a48310a14,1211,"",,"",6c9faae3-d542-4232-afb4-096d284451dd,success
fcabd43c-f965-4460-8f9c-acbc28a6ac1c,658,"",,"",780ec2b9-dbbf-4af5-9016-01e00730e81e,success
44d9b311-d180-4ff7-b444-8b228b61721f,14,"",,"",c3e209d2-fcd1-4f0e-abb9-d67173bb3a12,success
2532bfdf-429b-4b61-ac28-d67d93f64295,1064,"",,"",dfeeb2f6-60cf-4d82-823f-8d5711864e0f,success
d9b97d74-678a-4eaa-bfde-ec849421230e,1055,"",,"",0016913e-b906-4966-a49b-ee19ab19c3f0,success
6d9fe50a-0ecf-4e84-a11b-e1a81f4085b5,1313,"",,"",9b1ab487-a487-4ad3-8d1e-c6b2fd565aaa,success
498af6a8-fcd0-4af0-931c-51d18ed3de08,949,"",,"",75f7014d-2365-49ca-8c84-8f8bbcb07e9f,success
01d44f3d-a8ae-491f-ba1f-a98adf54c697,746,"",,"",42eef3c8-212c-4d08-89a7-69984ba559c9,success
a236293f-084e-4f2d-b392-d3634fc0e579,455,"",,"",996ce588-165f-45df-b108-db2994c03b5f,success
b17abe5d-6866-43cd-a7b4-d32196bdaf7e,173,"",,"",ae9a5352-5321-465f-8af1-525eda4712ea,success
16192bd6-bf1b-4239-9d63-46e400effa6c,1203,"",,"",24c0d92b-dc33-44df-9925-6522650301b5,success
9606e6d1-399c-4f43-b665-417ff6daf8e5,1281,"",,"",515fbf68-75ce-4b4a-904f-d576b2975322,success
99b1ab75-1c02-428b-84fe-2d617aaf34ab,899,"",,"",77eda093-e5b9-49a8-8dc0-058a509ee8c7,success
409d68ad-1539-4afd-b39c-151dd178b238,1042,"",,"",29b94955-184e-4d45-bfea-2c6c6efc6ba7,success
3eae5e07-eaec-4200-8449-8df4199e316f,1536,"",,"",b8a193ef-31e7-47fe-aece-44321c79c19f,success
29484105-4f29-4f3e-bcba-26e08b52af0f,10,"",,"",a32b1d0c-bcfc-45ac-9ecb-f3c139bb6495,success
fe97b151-fd49-47b2-b7d0-98cdf58af9e6,674,"",,"",c7d30774-1875-4452-9119-6d23de05b8d6,success
8d31e410-326c-4612-b1f9-64b5497c822b,1011,"",,"",6a1a6351-7745-4671-a914-bc4fb1ccbb95,success
dc4a7b65-10ab-4fcc-ac73-0a2b301eab4d,1118,"",,"",b1408601-941b-45a4-805e-4bc3ede689ab,success
320c64e9-b5e7-469b-8504-fffdfbc7eec2,287,"",,"",ef30726b-0f1a-46bd-8cd1-b1101281bd26,success
7c4d5352-e52b-4201-ba8a-d9c9aa37980b,1087,"",,"",77fc30da-3d71-4472-8909-0aef2c2a202f,success
10bcc960-28a3-462d-8d94-1b8644460961,54,"",,"",b69a3053-59e6-401b-a9fc-b955c14ddd83,success
9227b649-7f92-43fe-9938-c5c35cc054b9,943,"",,"",bb34abf6-f05f-40db-afde-07ecbb7d2384,success
1adb167c-4245-47c9-a09c-ecf11dc0eca0,570,"",,"",9ccd4deb-4ac7-4ffa-8f6a-fb849a8e251f,success
d010533d-ae3f-47c3-b83f-59f79711b425,1722,"",,"",c6908610-bc51-4e31-b9a2-bf5ac59e7f70,success
73cdd603-fa62-456c-94fb-6740c494c17e,794,"",,"",15240e2c-0f8f-4913-ab5d-b6e8b3fcdf55,success
7560d333-2b62-4566-a27c-bc999ca42f37,382,"",,"",5a6439e5-865b-4c10-b898-ceae81d15dd8,success
3ff1b9a4-ee29-4745-869c-c7f589728cc7,1140,"",,"",67bff5ae-98cc-4ee2-9697-1c5be9d8f9e2,success
b448ec14-09f5-46a7-84f6-7376fe229205,623,"",,"",2521e78e-3bbf-431e-aebf-2270c0153a97,success
285b8d67-e24b-438e-ad10-42f9b33e09b0,1106,"",,"",643565d3-1840-48de-83fd-8db3df5fbcab,success
fcd94dcf-b943-48dc-a2fe-8e109009db9a,1221,"",,"",2f12fe8f-5ed9-479c-a6f7-0e6407a7715e,success
9281e548-2430-47bd-b359-2603b6a1e4d7,1562,"",,"",9d50903c-88d9-4131-bf23-bcd05683c5f9,success
db24e9f3-f750-43b6-9c70-5b5fc811f817,581,"",,"",2a5406c8-47f3-4bf4-a9e2-b0edfa69d729,success
09550382-2a46-4bfa-a695-3f90af7c7c37,1010,"",,"",f5c97cc4-60e3-490a-93b2-adc1b0d153e5,success
d8e8a02f-2d71-40ce-a572-ccd405f244b9,1369,"",,"",f6793212-a66d-4ebf-b171-18f9439d46e8,success
c48fd8b6-b961-4149-b2cb-456ece650b58,247,"",,"",978c8dd9-7bdd-4562-b1f9-e5a7e8173f27,success
b27ad30a-d978-443d-a856-0ba3c81bb8f4,1335,"",,"",449e82ce-ecf8-45c0-86b9-bae51b55e33a,success
1e3eb722-9f7e-47f3-bead-13143629c5f3,1236,"",,"",7deeebb1-49af-4325-8917-10c1391d2760,success
e730a495-5b1c-473b-9c3d-7dbb0f17c4a0,349,"",,"",14ad079b-20b1-4905-bce9-552529685b6e,success
39a3bea9-38aa-4ab0-852a-fb4b6ce1cc86,1305,"",,"",7a39bcd2-6597-4709-a149-24a3219d8472,success
feab818d-5b1b-4b6e-833a-c607d8a3f273,1139,"",,"",c121dd8a-e2d3-4e1a-b97b-35409083a944,success
0425df87-4aa8-438a-9fa1-ad1cac7fe9b2,754,"",,"",6483bb65-505c-4209-a0a5-225c62084a75,success
08528c6d-a975-47e2-860f-37c32f76c94d,1185,"",,"",4d2727f9-5216-4259-9c78-d464b0d5d3f7,success
6c809bd9-f0e4-4681-8028-8d1d20f51a94,1459,"",,"",3e2db50b-0554-4297-b334-30c01ab4c14d,success
2a20bbf5-3ded-428d-9027-b46c19d274a5,847,"",,"",ce2dc261-a960-4a8b-8106-041e4bd5876f,success
b938efa0-3801-4978-886a-89ae54fb73ac,124,"",,"",8d54bda7-239b-4f61-b001-d987fc6edfe9,success
05c0b702-807e-4a76-9979-a10de9011b62,52,"",,"",bac1ca28-5925-478d-a48d-e2a5d45d7b76,success
bbdb8457-0d78-475d-9ff2-ae19b9499093,339,"",,"",e6564be7-85db-432e-96bd-6e6bf0013c88,success
12dc5046-2595-40cb-916a-cacfc4ccfe59,360,"",,"",7afbc2c4-071b-4a9c-be50-1619ec6f3d7b,success
f4f2418e-7ccd-4a3f-bb46-bb77729bc42e,337,"",,"",7c5f6558-f0da-4987-860c-a9195274c5eb,success
9e5ed105-15e5-4b19-82f6-c230cf8c77d0,667,"",,"",b9816427-6bc2-4746-9cea-49d19a465ba9,success
f05efc08-e588-44c9-abec-2e5d87076edc,1052,"",,"",b0c45380-31e1-4e7b-8831-094f8e9eaad0,success
923fd908-08ab-45fd-927e-ff9730d10257,46,"",,"",ae776af6-5dd7-4ab3-a8ff-0146cb89b0db,success
ff4f5a8f-6055-4ff8-a345-40ad77b45e9d,203,"",,"",d973a650-85ab-436a-a4f2-beba48d614e1,success
e7477a75-b56d-43bd-98df-537eb512ea58,275,"",,"",1cc5f821-95a1-435b-ae49-a1470cd02825,success
d035ddff-0dbd-4dc6-bdaf-521b6bd5c220,204,"",,"",a6f9c20c-cefd-4f93-becf-0bd28e1fdd6c,success
2dcb9a90-f31e-4252-8591-b50b25384bc6,435,"",,"",e8aa5e2b-bcec-4c12-a893-ed3e236fc0d5,success
eaa8f3f7-4471-4973-9d64-e83bc282ff95,1006,"",,"",9df6c24a-55a9-4ed8-9f27-6b1fe3abc402,success
3e6a7c4f-28b5-4900-b0c8-8ea4f383a7f1,562,"",,"",d155623f-a601-4724-8062-07f96d4674d1,success
95db240d-2756-4d2f-9285-efe59c3359a7,1119,"",,"",545ef5dc-0fb8-4223-90ce-74b0cc1f94a4,success
74b02327-c6ee-43e4-bec7-11a73948e2eb,499,"",,"",cf523a57-0abf-4bfc-8a41-d0087b44fd8a,success
ff90911b-3cec-434c-b878-0e7fe62edf04,404,"",,"",3f3fea12-2934-4f2e-820c-87a6fff12431,success
f27a58ff-2a20-4c1f-a3fc-d5da2b16d6c3,500,"",,"",6a6aae48-b61a-4389-adab-34a378943ce6,success
8cde1aa6-e029-40e3-acc1-76e37fe54801,32,"",,"",74f54eef-5475-4812-8458-2051d9cb363a,success
04ae46e3-8f29-488a-a1d5-4c8f8a1fa630,747,"",,"",e300ccfb-7c63-482b-8156-8f0dad03f86a,success
5010c697-57a7-4578-bb9a-2ac7359a5b5f,431,"",,"",f4622f80-741e-4a12-978d-5d035fad01be,success
ece32cf3-9d00-45ab-aa03-87242364cd8e,846,"",,"",403c7aa2-103f-4c19-a6ee-a8584144bb2f,success
c414add8-cc57-4740-9179-7d931034d26b,1053,"",,"",968cc911-e1b6-459a-bb75-6a82e8391454,success
8291c200-d1ac-41d9-ac8b-ddeb2866c2b3,881,"",,"",85c198f6-97e4-48b6-97b7-889ec112d1dd,success
d03a6f3b-f09a-470c-8491-0e4e5e47bdc5,1177,"",,"",d1cd87b2-47e8-4213-a3ae-1f03e962bc89,success
86fe35ad-a43d-46c7-afad-e7ccfa466d0a,1457,"",,"",5702d22f-28e3-4011-b385-0ed5cba7eec4,success
e4fa1c4c-613c-46bc-b219-f107a49ce6ba,212,"",,"",8b73a17b-d16f-4222-8abd-f327ea5cb957,success
dc825f92-1839-43bf-832b-b78b007418c2,1245,"",,"",3089e7c9-1ff9-4f7b-89e7-325f7f47c39a,success
0ca761ac-cdb4-42a5-a763-08706bf6a2b8,198,"",,"",af41c626-390c-4de3-a80d-63066dbf2a46,success
6f7aa004-17f8-4dec-98fd-0af9c6d0759b,1186,"",,"",2b21ab54-4b30-42d8-a029-f14ff579f34a,success
a81bfbfa-2367-46c5-92bf-0e66b962fd9f,1219,"",,"",6438c085-b0b2-4da7-9f63-1cb1ad5bf68e,success
2d281cd6-3dd9-4620-9f83-6a746e518ff2,1150,"",,"",64dcbcae-3be7-4d8b-a05c-3e6b61f4120a,success
a54225ab-bab8-4226-83b9-55fb86a739be,264,"",,"",dcc5110c-f1f7-41ae-8f58-21627945925a,success
198fc014-50f6-4ea7-aa28-a42bef51b3a7,472,"",,"",ce4bbf56-8a43-40e3-a71a-0c2941d63023,success
00cc7b87-d607-4d52-b0d9-cdda42d4f7c0,20,"",,"",c7cb6f39-a749-4ebc-8335-7639d18cf03e,success
96f5b68f-6da6-4055-9309-6c7156305304,698,"",,"",2253cbd7-becd-47f4-a402-7834680643b7,success
428c7b86-c668-4d67-a479-31842c5965c7,543,"",,"",f05f01be-c580-475c-a9af-9e83fbeddb6b,success
207512a6-6008-4233-be8d-dcc6cb29e4d4,916,"",,"",b24a9e9f-77cb-457e-a367-7db5bb737103,success
654f4729-2c9f-48e1-9a8f-5a72fd6c92e1,541,"",,"",54f6a248-26c0-49ec-804c-8efa5d7a0e09,success
ebeb919b-c23d-4892-acd4-f67fa2e192dc,1402,"",,"",ad31b0c1-159e-4fa4-8ee6-316a61d061e2,success
d05d9a4b-d660-437d-84f0-b163f69e2e5b,403,"",,"",8a07d36b-b16d-4d76-b0af-4598c1684be1,success
402e9018-80fb-450a-957b-2baa7821a6bf,619,"",,"",be88f14e-11c5-4a7c-acd4-cf07391496a0,success
6e210052-91b3-472c-a45b-04ae6885d5f1,1060,"",,"",5d21b882-9ff7-4f11-bcbc-b1fd2ec36e54,success
7ebef624-2843-4890-9116-7a539182266b,449,"",,"",b72bb915-74e3-44bf-b02e-c56157645983,success
ce37cd79-f87e-4d45-a337-9e835da407fd,1656,"",,"",e73a12b6-6ef6-4f26-a060-0ec011c14e3e,success
301e0b09-327f-4e46-9ab0-ac104b046170,795,"",,"",8b04d812-3c5b-4cd4-891d-dd2ab9e55f81,success
c9b8c365-7adf-4321-b40d-e648fd07441e,1047,"",,"",5fa87d09-37db-44d2-88a2-ca885c4803a5,success
86d95f27-2067-4f94-afcb-b7180abe1057,600,"",,"",af398ff3-5a27-40ba-a7f7-714c372a1a09,success
ef1f20fb-640e-4c3f-b9b7-0473f78eda20,251,"",,"",62dfa233-877e-4af2-80f8-624f7e686d7d,success
f655ed93-ab54-4ecb-aa97-ed1e80afe5e3,494,"",,"",58f187c3-7f9e-4541-85ab-c2d886157161,success
508bd479-5e10-4b70-9be7-6ae3810af5cd,187,"",,"",aca9c66d-dc62-48bd-a3c1-2a9f4b74dbe6,success
4c225fa7-a8d1-4a74-b11d-503eccd0169e,1542,"",,"",ca1d132a-e743-496e-add9-6b6daebeb0b0,success
ad68b7ea-a32b-491a-aff5-747e0ecc0179,199,"",,"",d1720835-1407-4839-9fc4-488b6bdeb1df,success
14d7988d-4bef-4e39-af62-410c72a5acfc,180,"",,"",1e5fab5d-9b58-4551-a6ee-c02640cb563f,success
86843c0c-1f56-4788-ae08-6caa087ad69d,345,"",,"",a48c7379-2d19-4759-bf53-83accda4ec45,success
8d6e345f-dc0c-44e6-ae14-ecedea59856c,1289,"",,"",75763221-f95c-4aa0-be61-a8e7a02e75ba,success
7861ed07-8681-496a-9fe8-4c7d017d9e54,1038,"",,"",cea86dae-b349-4fbb-b880-e19431c53b56,success
3c99163e-43d1-4510-881c-c88ce55d49ef,981,"",,"",4f294979-6026-47f9-ab73-7ee7c199691b,success
32c31f58-cdf2-403a-b642-7bb36fa03c50,893,"",,"",46a86db7-91bd-428a-9fa2-81be99c25c95,success
f04e1641-7926-4e5d-a3d5-9799f4d2fc4c,691,"",,"",2307de63-d2cf-4245-b127-9dca67e06a8f,success
45af9f63-c3ad-4622-b79c-cd441a1dd85c,82,"",,"",514c5a04-339e-4cf3-8eda-8ba1d9ae7c8c,success
1a8d8b74-35a6-4b59-8701-b9ad37e08af0,512,"",,"",95658376-a284-47cd-86dc-a31405598f06,success
d7c43f7b-04e4-43e5-8962-4f8a87acc393,110,"",,"",1d4ecce5-2385-44e6-a132-9d6017ef75d3,success
0eb5aab9-508d-42fa-b7c2-c6e06284ce2c,1329,"",,"",55cbf0c9-2a0a-4ef7-b802-7bb5686eba76,success
83b2c2e2-2275-4d9c-a3bd-63f7530782ee,1114,"",,"",cb95aa2e-0def-4d5c-914c-e78f4fa58759,success
cdab374d-b615-413f-ba9d-07782cc5790b,857,"",,"",724f9110-0016-4ef9-a450-64a77d556c40,success
6a976686-b0d5-4800-98d2-a97c89a37ee9,41,"",,"",5fc2e0c7-8b0c-4a7a-a56b-7d33a6f39d08,success
bdf4ccd2-e994-4a18-b676-52ac9a08283e,586,"",,"",d42b0094-79ac-4041-b6af-35daab1bd8b3,success
085d3587-bf3d-422e-ba1a-78fe3a90c5b6,1302,"",,"",2f6f0c61-ddb1-474b-9fb1-e29ec9eac2ca,success
ba08353d-29e5-420d-801b-8ea2979d4f75,537,"",,"",f5e07869-1ee7-4132-aee3-97b7a96451fb,success
6fad0426-9461-4d49-af23-bc2c1bd23e08,1291,"",,"",86c13ddb-e214-4cd1-b6ff-e2e2c5d7fda6,success
704250cc-61e6-49ce-b978-fe9b7f068428,1456,"",,"",06bd5156-a682-483c-a513-70497782dd67,success
3bc70d0e-feb5-4b99-a238-013c60b9b89f,344,"",,"",0fbc82fb-09e8-49e3-a1de-d715c6395586,success
585bd12f-45b5-43f3-b034-414782b813bc,1014,"",,"",18abce0d-2741-4eea-ace8-4c0c9211d668,success
39a59cc3-a91d-4a6c-b07b-a4d1e1890abf,76,"",,"",16270ec4-9274-446d-b90d-67244b2360bc,success
ada36ec7-4c63-445b-9cd1-c04239b2e373,1036,"",,"",2f310168-0152-40c1-9e3d-0253e2675b0c,success
01185d70-6338-4062-a04a-326d0c5ab396,861,"",,"",6f12c821-8fbb-4f9b-9096-17aa835bb66f,success
55e01f23-66ff-4b61-a469-5869d054f6ae,748,"",,"",ad18256f-9756-48e8-bf4d-a79a85ac7d2e,success
81541d5b-e3b0-4124-99b4-e4fc12089299,770,"",,"",20023d0c-b975-471a-9ada-153f4cf92898,success
74750382-a43a-4c28-b220-0bfbd6aa7750,104,"",,"",f6d5be56-1737-4827-859e-a8e833358fc1,success
f521570d-aca8-43fe-b72e-0c3eca6a4c40,202,"",,"",ef1be392-2128-4650-86fb-9534ca11d2d9,success
dca05696-9df2-42de-b9af-b84f0b15c3db,285,"",,"",7864ac55-bfd4-4031-b2d2-01ced17132e1,success
d39725ab-cd77-4f38-8bc8-40035ee567b6,1321,"",,"",3a23ff63-f7b5-41bb-b25b-6cb917721c3c,success
3616c4cc-e53f-47db-8e88-a7f99e408274,62,"",,"",769fa103-2245-4bc5-8408-7940296557bd,success
620e8869-2338-49bb-a519-f4bd0025c909,9,"",,"",4396a8fc-7519-4e0e-aef5-f671f17f1b10,success
db17a492-db9c-4084-abee-0c1d060db791,1168,"",,"",a55e02b3-ebfd-4584-ae3e-a4018c612fdd,success
36470e02-1f6b-4225-bc68-4531219a2de6,1330,"",,"",9bb131c9-72b5-4936-b9ba-e2866a6fa021,success
146c0b6c-f77d-4975-8063-f1d1868e07a5,1166,"",,"",464b9917-dcf7-40fe-b9d9-6ce75ad488cb,success
c8c46740-0570-4b0b-9fd6-faf4180dad8c,1687,"",,"",978f35a0-b02c-427a-91bb-78d8e339ce37,success
026c977f-fd85-4f58-b2db-4c0df66fc4c6,544,"",,"",568f7460-85ad-4398-b9c3-b1e33bff084d,success
0fbd9548-3abc-4bc6-a0c6-6a422a966b48,833,"",,"",5eca1be5-5a88-4824-a628-18fc6719a56c,success
265e6c7c-5dd6-42cb-ad15-32a3c1f3f2f2,501,"",,"",19083bcd-d579-4d89-9168-4067d5196885,success
61b3cf08-c75b-4344-8395-c903816bd623,1651,"",,"",d2f25fff-1527-4f31-8851-01e1e8638a42,success
3d17745c-896c-49d2-869f-8b62993bfb0b,96,"",,"",f9eda0a2-46ba-4f5d-8e25-268f395e28ae,success
fcab8529-4f80-4022-9604-7d93f2e58502,94,"",,"",f0e210e6-8d70-4364-b907-124d7391cb71,success
7243dcf6-54be-4fe4-ab85-5b0f2a7f3cdc,343,"",,"",b9cad190-b223-44c2-bb02-b837e971657f,success
3aad0940-45f7-47ba-b3de-01b9a94680b9,848,"",,"",eda44246-821e-403a-9a5f-0b5957f4c943,success
770a8761-0f8b-49ea-8f0f-dd5cc298f31f,91,"",,"",8544ea73-15c9-4080-b4e4-17aeb793e57a,success