id,users_id,roles_id
1d2468dd-91c8-4328-b5b7-6e12b366fd25,155b076c-d191-4ca6-968c-68c7bff64662,52ed01b4-6121-4a52-a894-ddbb6f233ca2
91099d44-ef61-4d5e-99b8-a9e2a51d4d5c,19385162-4144-43d8-bff4-4254a6fdf435,f127ecc0-5fb5-44bf-9d41-04ab64630665
c8c292b4-1737-4ea3-bca1-2d38e745a078,a10cec5e-e04b-4870-85b4-7934af22c34f,f127ecc0-5fb5-44bf-9d41-04ab64630665
360f136e-7f3c-418a-a46c-9b6294b7688b,88c7e581-75cc-49dd-8783-6075b0a973d3,f127ecc0-5fb5-44bf-9d41-04ab64630665
c678ad7c-28b5-42e5-9189-27271031f671,ab1098ae-7c32-4f07-a46d-d227c31bef9d,52ed01b4-6121-4a52-a894-ddbb6f233ca2
d9041668-4d66-48f2-a34c-351c2371b55c,a62b24da-692e-471d-a869-dd07d27aa311,f127ecc0-5fb5-44bf-9d41-04ab64630665
80bdeeeb-4eae-4de0-95bc-ac011406efa8,f383897a-85bd-4a60-9d75-afb5f7958ea3,f127ecc0-5fb5-44bf-9d41-04ab64630665
770c8ea1-00aa-4cfd-bdaa-40b61ff0ca1b,fef96411-89b9-426a-ba72-435e6380048c,f127ecc0-5fb5-44bf-9d41-04ab64630665
ccfca7f1-da5d-4ae2-9efd-b2162c646f5a,565fa953-d6e0-4c4d-8155-1e5a7b866293,f127ecc0-5fb5-44bf-9d41-04ab64630665
c2214bbd-f6f0-4707-b96a-000554551809,57682ec4-d272-475d-8e26-21bfb0a5822b,817613c8-f74f-442a-ac84-247ffb13ebca
28096acd-847e-4497-827f-4f6fa6c4ce9c,d01b99ae-1b59-4bf2-8dfb-881fdc09c5e7,f127ecc0-5fb5-44bf-9d41-04ab64630665
7434f6bc-cdd5-4bc9-bd97-a4cafd9b167b,6fe7ec6a-8f22-415b-8cf6-4ca548ee74af,f127ecc0-5fb5-44bf-9d41-04ab64630665
2d640d38-43ac-4092-8d81-eec832a20b6b,93d222f2-4f56-4eb3-94af-be43b14b57be,f127ecc0-5fb5-44bf-9d41-04ab64630665
013cd465-abc1-40e0-b7bc-0d896b81e26e,eb8d6bb4-d0d8-42d2-a903-87426a9f2284,817613c8-f74f-442a-ac84-247ffb13ebca
d91100b0-be44-4025-bbc4-06df49060ca6,e591b394-585b-4fa2-9aa3-0719a1cb2e5e,c0adcd1e-297a-42ee-92e2-ee48dbd242bc
10a6ffca-7b96-46bd-8869-ffc6121769ee,9162df1a-a9ad-4b59-95fe-836d7b310519,f127ecc0-5fb5-44bf-9d41-04ab64630665
a93ac1ab-1e65-4dd5-9cb3-3506e31e1e4d,e43d6a6a-029c-4f5c-a49f-2b4cf2947066,f6dfe326-b1e0-4d34-9143-6f325f9af8ef
7f18848f-068a-4129-8847-626ad78db1a4,0eef7f15-c0d2-444b-b9b7-5d0d98a29e88,f6dfe326-b1e0-4d34-9143-6f325f9af8ef
68c27b91-ddeb-4d29-8f53-960f1d6d0dbe,3a70b0a3-7d77-4620-88d1-aedb2fd19915,f127ecc0-5fb5-44bf-9d41-04ab64630665
cc65d6e5-fbe7-429d-8ded-5c5815005ebd,eab10819-d355-450d-8757-6f986f556d6e,c0adcd1e-297a-42ee-92e2-ee48dbd242bc
672118e5-6360-4b83-bb15-d66d2d4ccbc6,cdbd851b-3438-401c-a017-0ec893a08ed8,c0adcd1e-297a-42ee-92e2-ee48dbd242bc
8bfbdff0-678b-41ca-b1eb-5836d027463e,3380c35a-21f8-424c-aaa5-4b31c2301f5d,c0adcd1e-297a-42ee-92e2-ee48dbd242bc
e8c9950d-8a84-4a09-bdb4-b9f7348f0138,09725596-cd96-4778-8544-8cdf6d42bdf6,c0adcd1e-297a-42ee-92e2-ee48dbd242bc
58020b5d-e72e-4dad-8520-c387875bd2ba,cb67b7f0-3e8a-40fe-bffa-13a5c05dc7bc,817613c8-f74f-442a-ac84-247ffb13ebca
c5f7ad59-3e78-4bd3-b1f7-938d95168bf8,3ad86a51-5f80-44e7-819c-c19bba432fb7,f127ecc0-5fb5-44bf-9d41-04ab64630665
56ec7a31-0de0-4217-b997-c727a71892d1,05d99685-749b-4ca9-afa1-bc0a1948046c,f127ecc0-5fb5-44bf-9d41-04ab64630665
e897bf60-054f-4c7f-9f73-330edc9cec73,3de2b288-4181-4024-a7be-d4b31ad9caac,f127ecc0-5fb5-44bf-9d41-04ab64630665
accb068b-edcc-46e0-9778-d48821c6f429,89b818c1-feba-49a1-81fa-fab95abfabf1,f127ecc0-5fb5-44bf-9d41-04ab64630665
a3e14164-396a-40fb-8748-2cda1c2fa720,9ff10208-0456-4386-9d88-b35b9af03cc6,817613c8-f74f-442a-ac84-247ffb13ebca
fce2226a-e156-4ce5-94b1-3b5fa783a391,8fbee7a7-67e2-43a4-a364-8b3ccac175b6,f127ecc0-5fb5-44bf-9d41-04ab64630665
089e5145-2071-4080-bb79-a5c94ceb2b5f,576de046-9109-4eec-a07d-df5cb4a4ed68,817613c8-f74f-442a-ac84-247ffb13ebca
7ef26e75-bb35-4f71-b634-1b58fac2103a,94bf30a6-820b-416f-84c4-1b1ad65deff9,f127ecc0-5fb5-44bf-9d41-04ab64630665
09a3961c-1a80-4f51-89e4-ea7564ee39d5,ef9434ea-cf7d-439a-9a9a-e7fc1f9f3f46,817613c8-f74f-442a-ac84-247ffb13ebca
b54c05e8-c13e-4676-bee0-5838620c73e9,02fb59f7-80ef-43c0-ab59-a1c8b7caab20,f6dfe326-b1e0-4d34-9143-6f325f9af8ef
b6b66d23-fc2c-46f8-afd0-77c1bbb73431,f83fa3ca-e2a0-4a18-8bcb-8855dd003073,f127ecc0-5fb5-44bf-9d41-04ab64630665
1bc46220-262f-4585-a969-37059eda1a80,8bb3cc08-bc6a-4d1a-a268-22714d8cedd9,c0adcd1e-297a-42ee-92e2-ee48dbd242bc
baca8078-5ca2-4b85-a5f6-3c5263053425,8b7d6ef8-56ed-4606-b1e5-1446cd839df9,f127ecc0-5fb5-44bf-9d41-04ab64630665
9825c2b5-d3a7-4655-94c7-c000cfa7658f,04f92577-f1cb-495c-a8d3-a662be9bb0f3,f127ecc0-5fb5-44bf-9d41-04ab64630665
b437eb0e-7c5a-4e4c-95c1-168dc15249be,96545827-edd7-4b1d-8326-bb4ec51948fe,c0adcd1e-297a-42ee-92e2-ee48dbd242bc
1fa21c14-aafa-4d98-acbf-a8f622984022,68a51157-f1b2-4211-88c1-e21e7e562973,c0adcd1e-297a-42ee-92e2-ee48dbd242bc
58538d53-13c8-4933-b667-a8e0bfc389a4,ca880a03-9b6f-49a9-8190-f73838d7ccfd,f127ecc0-5fb5-44bf-9d41-04ab64630665
7077f621-464c-4915-991e-b79da611cc02,e4690cd6-cd22-446b-b3df-48d3c1255a7b,817613c8-f74f-442a-ac84-247ffb13ebca
b1431dd2-e8b0-4974-b12b-bf1a13fb7a4c,15386384-a50c-4a28-8a8d-c552d5ad2cd3,817613c8-f74f-442a-ac84-247ffb13ebca
92f2540d-d086-4bd2-bf1a-052d598420e5,2c5eaada-20bf-4c23-b966-f357a8507c8e,f127ecc0-5fb5-44bf-9d41-04ab64630665
ce522f4c-5caf-49a0-812c-340e9a1033a1,5f47174b-f021-47ff-88ff-b24f027a12bb,f127ecc0-5fb5-44bf-9d41-04ab64630665
931f19f9-fcb7-4784-be2b-6e1a2669ce84,9ebfe336-abcc-4489-b506-94c5303611e2,f127ecc0-5fb5-44bf-9d41-04ab64630665
a07ee606-0b8a-4304-b073-5d2097d931d3,04e2f0f8-a033-4c49-9820-94ef22224fb9,f127ecc0-5fb5-44bf-9d41-04ab64630665
f1593d87-e672-44df-82e0-4a2a771adaa5,79e4160b-9bff-4687-bf5b-bfd9d04dc55f,52ed01b4-6121-4a52-a894-ddbb6f233ca2
ce7f60fa-2d73-4be0-85f7-55a5c84410db,125a3a61-c639-43c6-9ba2-6054ea8781d2,f127ecc0-5fb5-44bf-9d41-04ab64630665
a300c432-2c9f-4c22-86d3-2d4051614ed0,44792b03-e61f-4415-adf3-ba63aea6ee69,f127ecc0-5fb5-44bf-9d41-04ab64630665
a79db42d-c109-47a1-8715-7b84b24f41c3,1313746e-7e26-4121-8659-97e37b1856d8,f127ecc0-5fb5-44bf-9d41-04ab64630665
d520ded6-d281-405a-a5fe-6da950290255,93696bfc-eb40-4716-bec9-23af79934ff2,f127ecc0-5fb5-44bf-9d41-04ab64630665
01e1e6ac-94e4-47b3-88bb-6e148346e382,5fb24721-3a87-4e29-bb87-24521be1379c,f6dfe326-b1e0-4d34-9143-6f325f9af8ef
6acc4667-1c57-45c0-bc46-f11f54804d3c,c5be2716-9001-485a-a9f8-1722cbe85bd2,f127ecc0-5fb5-44bf-9d41-04ab64630665
e435c590-3ea1-42fe-8c20-589a569ff39a,47971346-bffe-408a-a7ef-46da936280b6,f127ecc0-5fb5-44bf-9d41-04ab64630665
f932ef3b-b84e-4b63-aa3f-4eb64717f3ed,9dc41e64-a10f-4393-8289-259208c24629,f127ecc0-5fb5-44bf-9d41-04ab64630665
cade7de3-36ce-4ba6-99ec-5be67d2f1184,62b16dbd-d78d-428a-ab22-99a4cc6f5881,f6dfe326-b1e0-4d34-9143-6f325f9af8ef
417d0fd6-1611-481b-b840-b08aaebcd3f2,b1a8169a-ded8-4839-a29f-7de07f5275f2,f127ecc0-5fb5-44bf-9d41-04ab64630665
de85674f-eaeb-4f94-9f0e-1aa97dbac021,f8048a0b-4e05-47d7-a0f2-fbab9cbb3f02,f127ecc0-5fb5-44bf-9d41-04ab64630665
7295ed29-a054-4f5d-bdf3-954ab905d0e8,19e63aa4-f2b4-43b7-a5c4-f806148c30df,f6dfe326-b1e0-4d34-9143-6f325f9af8ef
078070a0-353c-4d3d-92c0-9b8c77c1cf86,9a6ce597-33ed-4090-a6e4-47e515ec2aea,f6dfe326-b1e0-4d34-9143-6f325f9af8ef
ceaf7991-4fc4-4afc-9ec9-9516104dfcf5,9c54fb7e-423d-4cd1-bb99-3ac3525169fb,f6dfe326-b1e0-4d34-9143-6f325f9af8ef
bd957679-b5b2-40c6-ab0f-9ea7dc0417f9,713f0c33-a37a-4cf4-b51c-a0c12de8201b,817613c8-f74f-442a-ac84-247ffb13ebca
dc25aa53-f051-4445-98cd-b16c9a513486,0028ffcb-175a-44e1-8393-cb38567e9341,f6dfe326-b1e0-4d34-9143-6f325f9af8ef
39da7982-d733-451c-9822-11bb895635ea,09fa5399-942e-4e1e-a401-47ab1af22e90,f127ecc0-5fb5-44bf-9d41-04ab64630665
ded69848-e1fc-466a-9596-715a2f93886d,b1548f56-49ad-4f7a-9abb-0ba40d804394,f3696cc1-f059-4ade-9955-2a5626c6ea02
f8d686c7-7485-46dd-a5de-a6cb9ff1a7a1,b94592e1-0c5b-48df-9c51-125e109e2586,f6dfe326-b1e0-4d34-9143-6f325f9af8ef
98d5bf3f-9464-47fa-ae6a-77b690db15b6,ca89ee87-b0b1-495d-bf7a-3e45dd968df8,f3696cc1-f059-4ade-9955-2a5626c6ea02
3e65a7ae-d9dc-44de-9767-ea271e5fbed1,ca89ee87-b0b1-495d-bf7a-3e45dd968df8,f6dfe326-b1e0-4d34-9143-6f325f9af8ef
26e523e9-7428-4284-89b7-6a7e191de0ac,e9294423-13c1-4193-94c1-c8e241080685,f6dfe326-b1e0-4d34-9143-6f325f9af8ef
80f057bf-5e81-4514-b335-71414a124f40,a5842574-4937-4ef2-a61b-e0fbf19f6e76,f6dfe326-b1e0-4d34-9143-6f325f9af8ef
536e213c-c0cd-43a1-9aae-b3e15ff336cb,59257b3e-3f19-43fc-8828-8eacbb5ef18c,f6dfe326-b1e0-4d34-9143-6f325f9af8ef
c2c5009c-1562-4307-acbe-52694fcc464e,03e9407f-1734-469c-ac75-59da8ad6dd68,f3696cc1-f059-4ade-9955-2a5626c6ea02
67261eac-4cd6-4b67-a1bc-20468dac34bf,c195dfb4-ea76-43c1-ba14-a3994f9578ba,f127ecc0-5fb5-44bf-9d41-04ab64630665
818e2352-81a9-41a6-a311-5ecc6d700cb7,c2502606-cceb-40ba-90e8-d37aacaa43f3,f3696cc1-f059-4ade-9955-2a5626c6ea02
972f4b41-3581-4cd9-b811-9bebc5a96277,c2502606-cceb-40ba-90e8-d37aacaa43f3,f6dfe326-b1e0-4d34-9143-6f325f9af8ef
43d6fbc7-7567-4ca3-a0ea-4674f341ae65,16af79c7-6f00-4f56-86c9-ba01c4eb575e,52ed01b4-6121-4a52-a894-ddbb6f233ca2
2306f061-a550-4dfd-b27b-35ff70e9e98a,4746e56a-8606-40b5-a367-0f1afd440d96,f127ecc0-5fb5-44bf-9d41-04ab64630665
fe7e0d30-eac9-4a44-9440-af98f1717e39,f824673b-6bf3-451a-bf56-77e45ddf5f17,f127ecc0-5fb5-44bf-9d41-04ab64630665
2b4300f7-7541-4fe6-b326-46628f60f614,42138eb3-90a8-439e-869a-743ff79b3ec7,52ed01b4-6121-4a52-a894-ddbb6f233ca2